year,team_abbr,team_name_full,stadium,attendance_total,attendance_game
2025,ARI,Arizona Diamondbacks,Chase Field,"2,393,973","29,555"
2025,ATH,Athletics,Sutter Health Park,"768,464","9,487"
2025,ATL,Atlanta Braves,Truist Park,"2,903,167","35,842"
2025,BAL,Baltimore Orioles,Oriole Park at Camden Yards,"1,803,655","22,267"
2025,BOS,Boston Red Sox,Fenway Park,"2,776,496","34,278"
2025,CHC,Chicago Cubs,Wrigley Field,"3,017,983","37,259"
2025,CWS,Chicago White Sox,Guaranteed Rate Field,"1,445,738","17,849"
2025,CIN,Cincinnati Reds,Great American Ball Park,"2,170,963","26,802"
2025,CLE,Cleveland Guardians,Progressive Field,"2,051,360","25,325"
2025,COL,Colorado Rockies,Coors Field,"2,404,613","29,687"
2025,DET,Detroit Tigers,Comerica Park,"2,413,442","29,796"
2025,HOU,Houston Astros,Daikin Park,"2,727,877","33,677"
2025,KC,Kansas City Royals,Kauffman Stadium,"1,748,801","21,590"
2025,LAA,Los Angeles Angels,Angel Stadium of Anaheim,"2,615,506","32,290"
2025,LAD,Los Angeles Dodgers,Dodger Stadium,"4,012,470","49,537"
2025,MIA,Miami Marlins,loanDepot park,"1,156,880","14,282"
2025,MIL,Milwaukee Brewers,American Family Field,"2,650,089","32,717"
2025,MIN,Minnesota Twins,Target Field,"1,768,728","21,836"
2025,NYM,New York Mets,Citi Field,"3,184,570","39,316"
2025,NYY,New York Yankees,Yankee Stadium III,"3,392,659","41,885"
2025,PHI,Philadelphia Phillies,Citizens Bank Park,"3,375,457","41,672"
2025,PIT,Pittsburgh Pirates,PNC Park,"1,525,025","18,827"
2025,SD,San Diego Padres,Petco Park,"3,437,201","42,435"
2025,SF,San Francisco Giants,Oracle Park,"2,925,823","36,121"
2025,SEA,Seattle Mariners,T-Mobile Park,"2,538,053","31,334"
2025,STL,St. Louis Cardinals,Busch Stadium III,"2,250,007","27,778"
2025,TB,Tampa Bay Rays,Steinbrenner Field,"786,750","9,713"
2025,TEX,Texas Rangers,Globe Life Field,"2,397,069","29,593"
2025,TOR,Toronto Blue Jays,Rogers Centre,"2,849,935","35,184"
2025,WAS,Washington Nationals,Nationals Park,"1,916,768","23,664"
2024,ARI,Arizona Diamondbacks,Chase Field,"2,341,876","28,912"
2024,ATL,Atlanta Braves,Truist Park,"3,011,755","37,182"
2024,BAL,Baltimore Orioles,Oriole Park at Camden Yards,"2,281,129","28,162"
2024,BOS,Boston Red Sox,Fenway Park,"2,659,949","32,839"
2024,CHC,Chicago Cubs,Wrigley Field,"2,909,794","35,923"
2024,CWS,Chicago White Sox,Guaranteed Rate Field,"1,380,733","17,046"
2024,CIN,Cincinnati Reds,Great American Ball Park,"2,024,178","24,990"
2024,CLE,Cleveland Guardians,Progressive Field,"2,056,264","25,703"
2024,COL,Colorado Rockies,Coors Field,"2,540,195","31,360"
2024,DET,Detroit Tigers,Comerica Park,"1,858,295","22,942"
2024,HOU,Houston Astros,Minute Maid Park,"2,835,234","35,003"
2024,KC,Kansas City Royals,Kauffman Stadium,"1,658,347","20,473"
2024,LAA,Los Angeles Angels,Angel Stadium of Anaheim,"2,577,597","31,822"
2024,LAD,Los Angeles Dodgers,Dodger Stadium,"3,941,251","48,657"
2024,MIA,Miami Marlins,loanDepot park,"1,087,455","13,425"
2024,MIL,Milwaukee Brewers,American Family Field,"2,537,202","31,323"
2024,MIN,Minnesota Twins,Target Field,"1,951,616","24,094"
2024,NYM,New York Mets,Citi Field,"2,329,299","28,757"
2024,NYY,New York Yankees,Yankee Stadium III,"3,309,838","40,862"
2024,ATH,Oakland Athletics,Oakland Coliseum,"922,286","11,386"
2024,PHI,Philadelphia Phillies,Citizens Bank Park,"3,363,712","41,527"
2024,PIT,Pittsburgh Pirates,PNC Park,"1,720,361","21,239"
2024,SD,San Diego Padres,Petco Park,"3,330,545","41,118"
2024,SF,San Francisco Giants,Oracle Park,"2,647,736","32,688"
2024,SEA,Seattle Mariners,T-Mobile Park,"2,555,813","31,553"
2024,STL,St. Louis Cardinals,Busch Stadium III,"2,878,115","35,532"
2024,TB,Tampa Bay Rays,Tropicana Field,"1,337,739","16,515"
2024,TEX,Texas Rangers,Globe Life Field,"2,651,553","32,735"
2024,TOR,Toronto Blue Jays,Rogers Centre,"2,681,236","33,102"
2024,WAS,Washington Nationals,Nationals Park,"1,967,302","24,288"
2023,ARI,Arizona Diamondbacks,Chase Field,"1,961,182","24,212"
2023,ATL,Atlanta Braves,Truist Park,"3,191,505","39,401"
2023,BAL,Baltimore Orioles,Oriole Park at Camden Yards,"1,936,798","23,911"
2023,BOS,Boston Red Sox,Fenway Park,"2,672,130","32,989"
2023,CHC,Chicago Cubs,Wrigley Field,"2,775,149","34,261"
2023,CWS,Chicago White Sox,Guaranteed Rate Field,"1,669,628","20,613"
2023,CIN,Cincinnati Reds,Great American Ball Park,"2,038,302","25,164"
2023,CLE,Cleveland Guardians,Progressive Field,"1,834,068","22,643"
2023,COL,Colorado Rockies,Coors Field,"2,607,935","32,197"
2023,DET,Detroit Tigers,Comerica Park,"1,612,876","19,912"
2023,HOU,Houston Astros,Minute Maid Park,"3,052,347","37,683"
2023,KC,Kansas City Royals,Kauffman Stadium,"1,307,052","16,136"
2023,LAA,Los Angeles Angels,Angel Stadium of Anaheim,"2,640,575","32,600"
2023,LAD,Los Angeles Dodgers,Dodger Stadium,"3,837,079","47,371"
2023,MIA,Miami Marlins,loanDepot park,"1,162,819","14,356"
2023,MIL,Milwaukee Brewers,American Family Field,"2,551,347","31,498"
2023,MIN,Minnesota Twins,Target Field,"1,974,124","24,372"
2023,NYM,New York Mets,Citi Field,"2,573,555","31,772"
2023,NYY,New York Yankees,Yankee Stadium III,"3,269,016","40,358"
2023,ATH,Oakland Athletics,Oakland Coliseum,"832,352","10,276"
2023,PHI,Philadelphia Phillies,Citizens Bank Park,"3,052,605","37,686"
2023,PIT,Pittsburgh Pirates,PNC Park,"1,630,624","20,131"
2023,SD,San Diego Padres,Petco Park,"3,271,554","40,390"
2023,SF,San Francisco Giants,Oracle Park,"2,500,153","30,866"
2023,SEA,Seattle Mariners,T-Mobile Park,"2,690,418","33,215"
2023,STL,St. Louis Cardinals,Busch Stadium III,"3,241,091","40,013"
2023,TB,Tampa Bay Rays,Tropicana Field,"1,440,301","17,781"
2023,TEX,Texas Rangers,Globe Life Field,"2,533,044","31,272"
2023,TOR,Toronto Blue Jays,Rogers Centre,"3,021,904","37,307"
2023,WAS,Washington Nationals,Nationals Park,"1,865,832","23,035"
2022,ARI,Arizona Diamondbacks,Chase Field,"1,605,199","19,817"
2022,ATL,Atlanta Braves,Truist Park,"3,129,931","38,641"
2022,BAL,Baltimore Orioles,Oriole Park at Camden Yards,"1,368,367","16,893"
2022,BOS,Boston Red Sox,Fenway Park,"2,625,089","32,409"
2022,CHC,Chicago Cubs,Wrigley Field,"2,616,780","32,306"
2022,CWS,Chicago White Sox,Guaranteed Rate Field,"2,009,359","24,807"
2022,CIN,Cincinnati Reds,Great American Ball Park,"1,395,770","17,232"
2022,CLE,Cleveland Guardians,Progressive Field,"1,295,870","15,998"
2022,COL,Colorado Rockies,Coors Field,"2,597,428","32,067"
2022,DET,Detroit Tigers,Comerica Park,"1,575,544","19,214"
2022,HOU,Houston Astros,Minute Maid Park,"2,688,998","33,198"
2022,KC,Kansas City Royals,Kauffman Stadium,"1,277,686","15,774"
2022,LAA,Los Angeles Angels,Angel Stadium of Anaheim,"2,457,461","30,339"
2022,LAD,Los Angeles Dodgers,Dodger Stadium,"3,861,408","47,672"
2022,MIA,Miami Marlins,loanDepot park,"907,487","11,204"
2022,MIL,Milwaukee Brewers,American Family Field,"2,422,420","29,906"
2022,MIN,Minnesota Twins,Target Field,"1,801,128","22,236"
2022,NYM,New York Mets,Citi Field,"2,564,737","31,663"
2022,NYY,New York Yankees,Yankee Stadium III,"3,136,207","38,719"
2022,ATH,Oakland Athletics,RingCentral Coliseum,"787,902","9,849"
2022,PHI,Philadelphia Phillies,Citizens Bank Park,"2,276,736","28,108"
2022,PIT,Pittsburgh Pirates,PNC Park,"1,257,458","15,524"
2022,SD,San Diego Padres,Petco Park,"2,987,470","36,882"
2022,SF,San Francisco Giants,Oracle Park,"2,482,686","30,650"
2022,SEA,Seattle Mariners,T-Mobile Park,"2,287,267","28,238"
2022,STL,St. Louis Cardinals,Busch Stadium III,"3,320,551","40,994"
2022,TB,Tampa Bay Rays,Tropicana Field,"1,128,127","13,927"
2022,TEX,Texas Rangers,Globe Life Field,"2,011,361","24,832"
2022,TOR,Toronto Blue Jays,Rogers Centre,"2,653,830","32,763"
2022,WAS,Washington Nationals,Nationals Park,"2,026,401","25,017"
2021,ARI,Arizona Diamondbacks,Chase Field,"1,043,010","12,877"
2021,ATL,Atlanta Braves,Truist Park,"2,299,647","28,746"
2021,BAL,Baltimore Orioles,Oriole Park at Camden Yards,"793,229","9,793"
2021,BOS,Boston Red Sox,Fenway Park,"1,725,323","21,300"
2021,CHC,Chicago Cubs,Wrigley Field,"1,978,934","24,431"
2021,CWS,Chicago White Sox,Guaranteed Rate Field,"1,596,385","19,708"
2021,CIN,Cincinnati Reds,Great American Ball Park,"1,505,024","18,581"
2021,CLE,Cleveland Indians,Progressive Field,"1,114,368","13,758"
2021,COL,Colorado Rockies,Coors Field,"1,938,645","23,934"
2021,DET,Detroit Tigers,Comerica Park,"1,102,621","13,613"
2021,HOU,Houston Astros,Minute Maid Park,"2,068,509","25,537"
2021,KC,Kansas City Royals,Kauffman Stadium,"1,159,613","14,316"
2021,LAA,Los Angeles Angels,Angel Stadium of Anaheim,"1,515,689","18,484"
2021,LAD,Los Angeles Dodgers,Dodger Stadium,"2,804,693","34,626"
2021,MIA,Miami Marlins,loanDepot park,"642,617","7,934"
2021,MIL,Milwaukee Brewers,American Family Field,"1,824,282","22,522"
2021,MIN,Minnesota Twins,Target Field,"1,310,199","16,175"
2021,NYM,New York Mets,Citi Field,"1,511,926","18,666"
2021,NYY,New York Yankees,Yankee Stadium III,"1,959,854","24,196"
2021,ATH,Oakland Athletics,RingCentral Coliseum,"701,430","8,660"
2021,PHI,Philadelphia Phillies,Citizens Bank Park,"1,515,890","18,715"
2021,PIT,Pittsburgh Pirates,PNC Park,"859,498","10,611"
2021,SD,San Diego Padres,Petco Park,"2,191,950","27,061"
2021,SF,San Francisco Giants,Oracle Park,"1,679,484","20,734"
2021,SEA,Seattle Mariners,T-Mobile Park,"1,215,985","15,012"
2021,STL,St. Louis Cardinals,Busch Stadium III,"2,102,530","25,957"
2021,TB,Tampa Bay Rays,Tropicana Field,"761,072","9,396"
2021,TEX,Texas Rangers,Globe Life Field,"2,110,258","26,053"
2021,TOR,Toronto Blue Jays,"Rogers Centre, Sahlen Field, TD Ballpark","805,901","10,074"
2021,WAS,Washington Nationals,Nationals Park,"1,465,543","18,093"
2019,ARI,Arizona Diamondbacks,Chase Field,"2,135,510","26,364"
2019,ATL,Atlanta Braves,SunTrust Park,"2,654,920","32,777"
2019,BAL,Baltimore Orioles,Oriole Park at Camden Yards,"1,307,807","16,146"
2019,BOS,Boston Red Sox,Fenway Park,"2,915,502","35,994"
2019,CHC,Chicago Cubs,Wrigley Field,"3,094,865","38,208"
2019,CWS,Chicago White Sox,Guaranteed Rate Field,"1,649,775","20,622"
2019,CIN,Cincinnati Reds,Great American Ball Park,"1,809,075","22,334"
2019,CLE,Cleveland Indians,Progressive Field,"1,738,642","21,465"
2019,COL,Colorado Rockies,Coors Field,"2,993,244","36,954"
2019,DET,Detroit Tigers,Comerica Park,"1,501,430","18,536"
2019,HOU,Houston Astros,Minute Maid Park,"2,857,367","35,276"
2019,KC,Kansas City Royals,Kauffman Stadium,"1,479,659","18,267"
2019,LAA,Los Angeles Angels,Angel Stadium of Anaheim,"3,023,012","37,321"
2019,LAD,Los Angeles Dodgers,Dodger Stadium,"3,974,309","49,066"
2019,MIA,Miami Marlins,Marlins Park,"811,302","10,016"
2019,MIL,Milwaukee Brewers,Miller Park,"2,923,333","36,091"
2019,MIN,Minnesota Twins,Target Field,"2,303,299","28,436"
2019,NYM,New York Mets,Citi Field,"2,442,532","30,155"
2019,NYY,New York Yankees,Yankee Stadium III,"3,304,404","40,795"
2019,ATH,Oakland Athletics,Oakland-Alameda County Coliseum,"1,670,734","20,626"
2019,PHI,Philadelphia Phillies,Citizens Bank Park,"2,727,421","33,672"
2019,PIT,Pittsburgh Pirates,PNC Park,"1,491,439","18,413"
2019,SD,San Diego Padres,Petco Park,"2,396,399","29,585"
2019,SF,San Francisco Giants,Oracle Park,"2,707,760","33,429"
2019,SEA,Seattle Mariners,T-Mobile Park,"1,791,109","22,112"
2019,STL,St. Louis Cardinals,Busch Stadium III,"3,480,393","42,968"
2019,TB,Tampa Bay Rays,Tropicana Field,"1,178,735","14,552"
2019,TEX,Texas Rangers,Globe Life Park in Arlington,"2,132,994","26,333"
2019,TOR,Toronto Blue Jays,Rogers Centre,"1,750,144","21,607"
2019,WAS,Washington Nationals,Nationals Park,"2,259,781","27,899"
2018,ARI,Arizona Diamondbacks,Chase Field,"2,242,695","27,688"
2018,ATL,Atlanta Braves,SunTrust Park,"2,555,781","31,553"
2018,BAL,Baltimore Orioles,Oriole Park at Camden Yards,"1,564,192","19,311"
2018,BOS,Boston Red Sox,Fenway Park,"2,895,575","35,748"
2018,CHC,Chicago Cubs,Wrigley Field,"3,181,089","38,794"
2018,CWS,Chicago White Sox,Guaranteed Rate Field,"1,608,817","19,862"
2018,CIN,Cincinnati Reds,Great American Ball Park,"1,629,356","20,116"
2018,CLE,Cleveland Indians,Progressive Field,"1,926,701","23,786"
2018,COL,Colorado Rockies,Coors Field,"3,015,880","37,233"
2018,DET,Detroit Tigers,Comerica Park,"1,856,970","22,926"
2018,HOU,Houston Astros,Minute Maid Park,"2,980,549","36,797"
2018,KC,Kansas City Royals,Kauffman Stadium,"1,665,107","20,557"
2018,LAA,Los Angeles Angels,Angel Stadium of Anaheim,"3,020,216","37,287"
2018,LAD,Los Angeles Dodgers,Dodger Stadium,"3,857,500","47,043"
2018,MIA,Miami Marlins,Marlins Park,"811,104","10,014"
2018,MIL,Milwaukee Brewers,Miller Park,"2,850,875","35,196"
2018,MIN,Minnesota Twins,Target Field,"1,959,197","24,188"
2018,NYM,New York Mets,Citi Field,"2,224,995","27,469"
2018,NYY,New York Yankees,Yankee Stadium III,"3,482,855","42,998"
2018,ATH,Oakland Athletics,Oakland-Alameda County Coliseum,"1,573,616","19,427"
2018,PHI,Philadelphia Phillies,Citizens Bank Park,"2,158,124","26,644"
2018,PIT,Pittsburgh Pirates,PNC Park,"1,465,316","18,316"
2018,SD,San Diego Padres,Petco Park,"2,168,536","26,772"
2018,SF,San Francisco Giants,AT&T Park,"3,156,185","38,965"
2018,SEA,Seattle Mariners,Safeco Field,"2,299,489","28,389"
2018,STL,St. Louis Cardinals,Busch Stadium III,"3,403,587","42,020"
2018,TB,Tampa Bay Rays,Tropicana Field,"1,154,973","14,259"
2018,TEX,Texas Rangers,Globe Life Park in Arlington,"2,107,107","26,014"
2018,TOR,Toronto Blue Jays,Rogers Centre,"2,325,281","28,707"
2018,WAS,Washington Nationals,Nationals Park,"2,529,604","31,230"
2017,ARI,Arizona Diamondbacks,Chase Field,"2,134,375","26,350"
2017,ATL,Atlanta Braves,SunTrust Park,"2,505,252","30,929"
2017,BAL,Baltimore Orioles,Oriole Park at Camden Yards,"2,028,424","25,042"
2017,BOS,Boston Red Sox,Fenway Park,"2,917,678","36,021"
2017,CHC,Chicago Cubs,Wrigley Field,"3,199,562","39,501"
2017,CWS,Chicago White Sox,Guaranteed Rate Field,"1,629,470","20,117"
2017,CIN,Cincinnati Reds,Great American Ball Park,"1,836,917","22,678"
2017,CLE,Cleveland Indians,Progressive Field,"2,048,138","25,286"
2017,COL,Colorado Rockies,Coors Field,"2,953,650","36,465"
2017,DET,Detroit Tigers,Comerica Park,"2,321,599","28,662"
2017,HOU,Houston Astros,"Minute Maid Park, Tropicana Field","2,403,671","29,675"
2017,KC,Kansas City Royals,Kauffman Stadium,"2,220,370","27,412"
2017,LAA,Los Angeles Angels,Angel Stadium of Anaheim,"3,019,585","37,279"
2017,LAD,Los Angeles Dodgers,Dodger Stadium,"3,765,856","46,492"
2017,MIA,Miami Marlins,Marlins Park,"1,583,014","20,295"
2017,MIL,Milwaukee Brewers,Miller Park,"2,627,705","31,282"
2017,MIN,Minnesota Twins,Target Field,"2,051,279","25,324"
2017,NYM,New York Mets,Citi Field,"2,460,622","30,378"
2017,NYY,New York Yankees,Yankee Stadium III,"3,154,938","38,950"
2017,ATH,Oakland Athletics,Oakland-Alameda County Coliseum,"1,475,721","18,219"
2017,PHI,Philadelphia Phillies,Citizens Bank Park,"1,905,354","23,523"
2017,PIT,Pittsburgh Pirates,PNC Park,"1,919,447","23,697"
2017,SD,San Diego Padres,Petco Park,"2,138,491","26,401"
2017,SF,San Francisco Giants,AT&T Park,"3,303,652","40,786"
2017,SEA,Seattle Mariners,Safeco Field,"2,135,445","26,364"
2017,STL,St. Louis Cardinals,Busch Stadium III,"3,448,337","42,572"
2017,TB,Tampa Bay Rays,Tropicana Field,"1,253,619","15,477"
2017,TEX,Texas Rangers,Globe Life Park in Arlington,"2,507,760","30,960"
2017,TOR,Toronto Blue Jays,Rogers Centre,"3,203,886","39,554"
2017,WAS,Washington Nationals,Nationals Park,"2,524,980","31,173"
2016,ARI,Arizona Diamondbacks,Chase Field,"2,036,216","25,138"
2016,ATL,Atlanta Braves,"Fort Bragg Park, Turner Field","2,020,914","24,950"
2016,BAL,Baltimore Orioles,Oriole Park at Camden Yards,"2,172,344","26,819"
2016,BOS,Boston Red Sox,Fenway Park,"2,955,434","36,487"
2016,CHC,Chicago Cubs,Wrigley Field,"3,232,420","39,906"
2016,CWS,Chicago White Sox,U.S. Cellular Field,"1,746,293","21,559"
2016,CIN,Cincinnati Reds,Great American Ball Park,"1,894,085","23,384"
2016,CLE,Cleveland Indians,Progressive Field,"1,591,667","19,650"
2016,COL,Colorado Rockies,Coors Field,"2,602,524","32,130"
2016,DET,Detroit Tigers,Comerica Park,"2,493,859","31,173"
2016,HOU,Houston Astros,Minute Maid Park,"2,306,623","28,477"
2016,KC,Kansas City Royals,Kauffman Stadium,"2,557,712","31,577"
2016,LAA,Los Angeles Angels,Angel Stadium of Anaheim,"3,016,142","37,236"
2016,LAD,Los Angeles Dodgers,Dodger Stadium,"3,703,312","45,720"
2016,MIA,Miami Marlins,"Estadio Hiram Bithorn, Marlins Park","1,712,417","21,405"
2016,MIL,Milwaukee Brewers,Miller Park,"2,314,614","28,575"
2016,MIN,Minnesota Twins,Target Field,"1,963,912","24,246"
2016,NYM,New York Mets,Citi Field,"2,789,602","34,440"
2016,NYY,New York Yankees,Yankee Stadium III,"3,063,405","37,820"
2016,ATH,Oakland Athletics,Oakland-Alameda County Coliseum,"1,521,506","18,784"
2016,PHI,Philadelphia Phillies,Citizens Bank Park,"1,915,144","23,644"
2016,PIT,Pittsburgh Pirates,PNC Park,"2,249,201","27,768"
2016,SD,San Diego Padres,Petco Park,"2,351,422","29,030"
2016,SF,San Francisco Giants,AT&T Park,"3,365,256","41,546"
2016,SEA,Seattle Mariners,Safeco Field,"2,267,928","27,999"
2016,STL,St. Louis Cardinals,Busch Stadium III,"3,444,490","42,525"
2016,TB,Tampa Bay Rays,Tropicana Field,"1,286,163","15,879"
2016,TEX,Texas Rangers,Globe Life Park in Arlington,"2,710,402","33,462"
2016,TOR,Toronto Blue Jays,Rogers Centre,"3,392,099","41,878"
2016,WAS,Washington Nationals,Nationals Park,"2,481,938","30,641"
2015,ARI,Arizona Diamondbacks,Chase Field,"2,080,145","25,681"
2015,ATL,Atlanta Braves,Turner Field,"2,001,392","24,709"
2015,BAL,Baltimore Orioles,Oriole Park at Camden Yards,"2,281,202","29,246"
2015,BOS,Boston Red Sox,Fenway Park,"2,880,694","35,564"
2015,CHC,Chicago Cubs,Wrigley Field,"2,919,122","36,039"
2015,CWS,Chicago White Sox,U.S. Cellular Field,"1,755,810","21,677"
2015,CIN,Cincinnati Reds,Great American Ball Park,"2,419,506","29,870"
2015,CLE,Cleveland Indians,Progressive Field,"1,388,905","17,361"
2015,COL,Colorado Rockies,Coors Field,"2,506,789","30,948"
2015,DET,Detroit Tigers,Comerica Park,"2,726,048","33,655"
2015,HOU,Houston Astros,Minute Maid Park,"2,153,585","26,587"
2015,KC,Kansas City Royals,Kauffman Stadium,"2,708,549","33,439"
2015,LAA,Los Angeles Angels of Anaheim,Angel Stadium of Anaheim,"3,012,765","37,195"
2015,LAD,Los Angeles Dodgers,Dodger Stadium,"3,764,815","46,479"
2015,MIA,Miami Marlins,Marlins Park,"1,752,235","21,633"
2015,MIL,Milwaukee Brewers,Miller Park,"2,542,558","31,390"
2015,MIN,Minnesota Twins,Target Field,"2,220,054","27,408"
2015,NYM,New York Mets,Citi Field,"2,569,753","31,725"
2015,NYY,New York Yankees,Yankee Stadium III,"3,193,795","39,430"
2015,ATH,Oakland Athletics,O.co Coliseum,"1,768,175","21,829"
2015,PHI,Philadelphia Phillies,Citizens Bank Park,"1,831,080","22,606"
2015,PIT,Pittsburgh Pirates,PNC Park,"2,498,596","30,847"
2015,SD,San Diego Padres,Petco Park,"2,459,752","30,367"
2015,SF,San Francisco Giants,AT&T Park,"3,375,882","41,678"
2015,SEA,Seattle Mariners,Safeco Field,"2,193,581","27,081"
2015,STL,St. Louis Cardinals,Busch Stadium III,"3,520,889","43,468"
2015,TB,Tampa Bay Rays,Tropicana Field,"1,287,054","15,322"
2015,TEX,Texas Rangers,Globe Life Park in Arlington,"2,491,875","30,764"
2015,TOR,Toronto Blue Jays,Rogers Centre,"2,794,891","34,505"
2015,WAS,Washington Nationals,Nationals Park,"2,619,843","32,344"
2014,ARI,Arizona Diamondbacks,"Chase Field, Sydney Cricket Grounds","2,073,730","25,602"
2014,ATL,Atlanta Braves,Turner Field,"2,354,305","29,065"
2014,BAL,Baltimore Orioles,Oriole Park at Camden Yards,"2,464,473","30,426"
2014,BOS,Boston Red Sox,Fenway Park,"2,956,089","36,495"
2014,CHC,Chicago Cubs,Wrigley Field,"2,652,113","32,742"
2014,CWS,Chicago White Sox,U.S. Cellular Field,"1,650,821","20,381"
2014,CIN,Cincinnati Reds,Great American Ball Park,"2,476,664","30,576"
2014,CLE,Cleveland Indians,Progressive Field,"1,437,393","17,746"
2014,COL,Colorado Rockies,Coors Field,"2,680,329","33,090"
2014,DET,Detroit Tigers,Comerica Park,"2,917,209","36,015"
2014,HOU,Houston Astros,Minute Maid Park,"1,751,829","21,628"
2014,KC,Kansas City Royals,Kauffman Stadium,"1,956,482","24,154"
2014,LAA,Los Angeles Angels of Anaheim,Angel Stadium of Anaheim,"3,095,935","38,221"
2014,LAD,Los Angeles Dodgers,Dodger Stadium,"3,782,337","46,696"
2014,MIA,Miami Marlins,Marlins Park,"1,732,283","21,386"
2014,MIL,Milwaukee Brewers,Miller Park,"2,797,384","34,536"
2014,MIN,Minnesota Twins,Target Field,"2,250,606","27,785"
2014,NYM,New York Mets,Citi Field,"2,148,808","26,528"
2014,NYY,New York Yankees,Yankee Stadium III,"3,401,624","41,995"
2014,ATH,Oakland Athletics,O.co Coliseum,"2,003,628","24,736"
2014,PHI,Philadelphia Phillies,Citizens Bank Park,"2,423,852","29,924"
2014,PIT,Pittsburgh Pirates,PNC Park,"2,442,564","30,155"
2014,SD,San Diego Padres,Petco Park,"2,195,373","27,103"
2014,SF,San Francisco Giants,AT&T Park,"3,368,697","41,589"
2014,SEA,Seattle Mariners,Safeco Field,"2,064,334","25,486"
2014,STL,St. Louis Cardinals,Busch Stadium III,"3,540,649","43,712"
2014,TB,Tampa Bay Rays,Tropicana Field,"1,446,464","17,858"
2014,TEX,Texas Rangers,Globe Life Park in Arlington,"2,718,733","33,565"
2014,TOR,Toronto Blue Jays,Rogers Centre,"2,375,525","29,327"
2014,WAS,Washington Nationals,Nationals Park,"2,579,389","31,844"
2013,ARI,Arizona Diamondbacks,Chase Field,"2,134,895","26,357"
2013,ATL,Atlanta Braves,Turner Field,"2,548,679","31,465"
2013,BAL,Baltimore Orioles,Oriole Park at Camden Yards,"2,357,561","29,106"
2013,BOS,Boston Red Sox,Fenway Park,"2,833,333","34,979"
2013,CHC,Chicago Cubs,Wrigley Field,"2,642,682","32,626"
2013,CWS,Chicago White Sox,U.S. Cellular Field,"1,768,413","21,832"
2013,CIN,Cincinnati Reds,Great American Ball Park,"2,492,101","31,151"
2013,CLE,Cleveland Indians,Progressive Field,"1,572,926","19,419"
2013,COL,Colorado Rockies,Coors Field,"2,793,828","34,492"
2013,DET,Detroit Tigers,Comerica Park,"3,083,397","38,067"
2013,HOU,Houston Astros,Minute Maid Park,"1,651,883","20,394"
2013,KC,Kansas City Royals,Kauffman Stadium,"1,750,754","21,614"
2013,LAA,Los Angeles Angels of Anaheim,Angel Stadium of Anaheim,"3,019,505","37,278"
2013,LAD,Los Angeles Dodgers,Dodger Stadium,"3,743,527","46,216"
2013,MIA,Miami Marlins,Marlins Park,"1,586,322","19,584"
2013,MIL,Milwaukee Brewers,Miller Park,"2,531,105","31,248"
2013,MIN,Minnesota Twins,Target Field,"2,477,644","30,588"
2013,NYM,New York Mets,Citi Field,"2,135,657","26,366"
2013,NYY,New York Yankees,Yankee Stadium III,"3,279,589","40,489"
2013,ATH,Oakland Athletics,O.co Coliseum,"1,809,302","22,337"
2013,PHI,Philadelphia Phillies,Citizens Bank Park,"3,012,403","37,190"
2013,PIT,Pittsburgh Pirates,PNC Park,"2,256,862","27,862"
2013,SD,San Diego Padres,Petco Park,"2,166,691","26,749"
2013,SF,San Francisco Giants,AT&T Park,"3,369,106","41,087"
2013,SEA,Seattle Mariners,Safeco Field,"1,761,546","21,747"
2013,STL,St. Louis Cardinals,Busch Stadium III,"3,369,769","41,602"
2013,TB,Tampa Bay Rays,Tropicana Field,"1,510,300","18,646"
2013,TEX,Texas Rangers,Rangers Ballpark in Arlington,"3,178,273","38,759"
2013,TOR,Toronto Blue Jays,Rogers Centre,"2,536,562","31,316"
2013,WAS,Washington Nationals,Nationals Park,"2,652,422","32,746"
2012,ARI,Arizona Diamondbacks,Chase Field,"2,177,617","26,884"
2012,ATL,Atlanta Braves,Turner Field,"2,420,171","29,879"
2012,BAL,Baltimore Orioles,Oriole Park at Camden Yards,"2,102,240","25,954"
2012,BOS,Boston Red Sox,Fenway Park,"3,043,003","37,568"
2012,CHC,Chicago Cubs,Wrigley Field,"2,882,756","35,590"
2012,CWS,Chicago White Sox,U.S. Cellular Field,"1,965,955","24,271"
2012,CIN,Cincinnati Reds,Great American Ball Park,"2,347,251","28,978"
2012,CLE,Cleveland Indians,Progressive Field,"1,603,596","19,797"
2012,COL,Colorado Rockies,Coors Field,"2,630,458","32,475"
2012,DET,Detroit Tigers,Comerica Park,"3,028,033","37,383"
2012,HOU,Houston Astros,Minute Maid Park,"1,607,733","19,849"
2012,KC,Kansas City Royals,Kauffman Stadium,"1,739,859","21,480"
2012,LAA,Los Angeles Angels of Anaheim,Angel Stadium of Anaheim,"3,061,770","37,800"
2012,LAD,Los Angeles Dodgers,Dodger Stadium,"3,324,246","41,040"
2012,MIA,Miami Marlins,Marlins Park,"2,219,444","27,401"
2012,MIL,Milwaukee Brewers,Miller Park,"2,831,385","34,955"
2012,MIN,Minnesota Twins,Target Field,"2,776,354","34,276"
2012,NYM,New York Mets,Citi Field,"2,242,803","27,689"
2012,NYY,New York Yankees,Yankee Stadium III,"3,542,406","43,733"
2012,ATH,Oakland Athletics,O.co Coliseum,"1,679,013","20,729"
2012,PHI,Philadelphia Phillies,Citizens Bank Park,"3,565,718","44,021"
2012,PIT,Pittsburgh Pirates,PNC Park,"2,091,918","25,826"
2012,SD,San Diego Padres,Petco Park,"2,123,721","26,219"
2012,SF,San Francisco Giants,AT&T Park,"3,377,371","41,696"
2012,SEA,Seattle Mariners,Safeco Field,"1,721,920","21,258"
2012,STL,St. Louis Cardinals,Busch Stadium III,"3,262,109","40,273"
2012,TB,Tampa Bay Rays,Tropicana Field,"1,559,681","19,255"
2012,TEX,Texas Rangers,Rangers Ballpark in Arlington,"3,460,280","42,720"
2012,TOR,Toronto Blue Jays,Rogers Centre,"2,099,663","25,922"
2012,WAS,Washington Nationals,Nationals Park,"2,370,794","29,269"
2011,ARI,Arizona Diamondbacks,Chase Field,"2,105,432","25,993"
2011,ATL,Atlanta Braves,Turner Field,"2,372,940","29,296"
2011,BAL,Baltimore Orioles,Oriole Park at Camden Yards,"1,755,461","21,672"
2011,BOS,Boston Red Sox,Fenway Park,"3,054,001","37,704"
2011,CHC,Chicago Cubs,Wrigley Field,"3,017,966","37,259"
2011,CWS,Chicago White Sox,U.S. Cellular Field,"2,001,117","24,705"
2011,CIN,Cincinnati Reds,Great American Ball Park,"2,213,588","27,328"
2011,CLE,Cleveland Indians,Progressive Field,"1,840,835","22,726"
2011,COL,Colorado Rockies,Coors Field,"2,909,777","35,923"
2011,DET,Detroit Tigers,Comerica Park,"2,642,045","32,618"
2011,MIA,Florida Marlins,Sun Life Stadium,"1,520,562","18,772"
2011,HOU,Houston Astros,Minute Maid Park,"2,067,016","25,519"
2011,KC,Kansas City Royals,Kauffman Stadium,"1,724,450","21,290"
2011,LAA,Los Angeles Angels of Anaheim,Angel Stadium of Anaheim,"3,166,321","39,090"
2011,LAD,Los Angeles Dodgers,Dodger Stadium,"2,935,139","36,236"
2011,MIL,Milwaukee Brewers,Miller Park,"3,071,373","37,918"
2011,MIN,Minnesota Twins,Target Field,"3,168,116","39,113"
2011,NYM,New York Mets,Citi Field,"2,352,596","29,044"
2011,NYY,New York Yankees,Yankee Stadium III,"3,653,680","45,107"
2011,ATH,Oakland Athletics,O.co Coliseum,"1,476,791","18,232"
2011,PHI,Philadelphia Phillies,Citizens Bank Park,"3,680,718","45,441"
2011,PIT,Pittsburgh Pirates,PNC Park,"1,940,429","23,956"
2011,SD,San Diego Padres,Petco Park,"2,143,018","26,457"
2011,SF,San Francisco Giants,AT&T Park,"3,387,303","41,819"
2011,SEA,Seattle Mariners,Safeco Field,"1,896,321","23,411"
2011,STL,St. Louis Cardinals,Busch Stadium III,"3,093,954","38,197"
2011,TB,Tampa Bay Rays,Tropicana Field,"1,529,188","18,879"
2011,TEX,Texas Rangers,Rangers Ballpark in Arlington,"2,946,949","36,382"
2011,TOR,Toronto Blue Jays,Rogers Centre,"1,818,103","22,446"
2011,WAS,Washington Nationals,Nationals Park,"1,940,478","24,256"
2010,ARI,Arizona Diamondbacks,Chase Field,"2,056,697","25,391"
2010,ATL,Atlanta Braves,Turner Field,"2,510,119","30,989"
2010,BAL,Baltimore Orioles,Oriole Park at Camden Yards,"1,733,019","21,395"
2010,BOS,Boston Red Sox,Fenway Park,"3,046,445","37,610"
2010,CHC,Chicago Cubs,Wrigley Field,"3,062,973","37,814"
2010,CWS,Chicago White Sox,U.S. Cellular Field,"2,194,378","27,091"
2010,CIN,Cincinnati Reds,Great American Ball Park,"2,060,550","25,439"
2010,CLE,Cleveland Indians,Progressive Field,"1,391,644","17,181"
2010,COL,Colorado Rockies,Coors Field,"2,875,245","35,497"
2010,DET,Detroit Tigers,Comerica Park,"2,461,237","30,386"
2010,MIA,Florida Marlins,"Estadio Hiram Bithorn, Sun Life Stadium","1,524,894","18,826"
2010,HOU,Houston Astros,Minute Maid Park,"2,331,490","28,784"
2010,KC,Kansas City Royals,Kauffman Stadium,"1,615,327","19,942"
2010,LAA,Los Angeles Angels of Anaheim,Angel Stadium of Anaheim,"3,250,814","40,134"
2010,LAD,Los Angeles Dodgers,Dodger Stadium,"3,562,320","43,979"
2010,MIL,Milwaukee Brewers,Miller Park,"2,776,531","34,278"
2010,MIN,Minnesota Twins,Target Field,"3,223,640","39,798"
2010,NYM,New York Mets,Citi Field,"2,559,738","31,602"
2010,NYY,New York Yankees,Yankee Stadium III,"3,765,807","46,491"
2010,ATH,Oakland Athletics,Oakland-Alameda County Coliseum,"1,418,391","17,511"
2010,PHI,Philadelphia Phillies,Citizens Bank Park,"3,777,322","44,968"
2010,PIT,Pittsburgh Pirates,PNC Park,"1,613,399","19,919"
2010,SD,San Diego Padres,Petco Park,"2,131,774","26,318"
2010,SF,San Francisco Giants,AT&T Park,"3,037,443","37,499"
2010,SEA,Seattle Mariners,Safeco Field,"2,085,630","25,749"
2010,STL,St. Louis Cardinals,Busch Stadium III,"3,301,218","40,756"
2010,TB,Tampa Bay Rays,Tropicana Field,"1,864,999","23,025"
2010,TEX,Texas Rangers,Rangers Ballpark in Arlington,"2,505,171","30,928"
2010,TOR,Toronto Blue Jays,Rogers Centre,"1,495,482","19,173"
2010,WAS,Washington Nationals,Nationals Park,"1,828,066","22,569"
2009,ARI,Arizona Diamondbacks,Chase Field,"2,128,765","26,281"
2009,ATL,Atlanta Braves,Turner Field,"2,373,631","29,304"
2009,BAL,Baltimore Orioles,Oriole Park at Camden Yards,"1,907,163","23,545"
2009,BOS,Boston Red Sox,Fenway Park,"3,062,699","37,811"
2009,CHC,Chicago Cubs,Wrigley Field,"3,168,859","39,611"
2009,CWS,Chicago White Sox,U.S. Cellular Field,"2,284,163","28,200"
2009,CIN,Cincinnati Reds,Great American Ball Park,"1,747,919","21,579"
2009,CLE,Cleveland Indians,Progressive Field,"1,766,242","21,805"
2009,COL,Colorado Rockies,Coors Field,"2,665,080","32,902"
2009,DET,Detroit Tigers,Comerica Park,"2,567,165","31,693"
2009,MIA,Florida Marlins,Land Shark Stadium,"1,464,109","18,075"
2009,HOU,Houston Astros,Minute Maid Park,"2,521,076","31,124"
2009,KC,Kansas City Royals,Kauffman Stadium,"1,797,891","22,196"
2009,LAA,Los Angeles Angels of Anaheim,Angel Stadium of Anaheim,"3,240,386","40,005"
2009,LAD,Los Angeles Dodgers,Dodger Stadium,"3,761,655","46,440"
2009,MIL,Milwaukee Brewers,Miller Park,"3,037,451","37,499"
2009,MIN,Minnesota Twins,Hubert H. Humphrey Metrodome,"2,416,237","29,466"
2009,NYM,New York Mets,Citi Field,"3,168,571","39,118"
2009,NYY,New York Yankees,Yankee Stadium III,"3,719,358","45,918"
2009,ATH,Oakland Athletics,Oakland-Alameda County Coliseum,"1,408,783","17,392"
2009,PHI,Philadelphia Phillies,Citizens Bank Park,"3,600,693","44,453"
2009,PIT,Pittsburgh Pirates,PNC Park,"1,577,853","19,480"
2009,SD,San Diego Padres,Petco Park,"1,919,603","23,699"
2009,SF,San Francisco Giants,AT&T Park,"2,862,110","35,335"
2009,SEA,Seattle Mariners,Safeco Field,"2,195,533","27,105"
2009,STL,St. Louis Cardinals,Busch Stadium III,"3,343,252","41,275"
2009,TB,Tampa Bay Rays,Tropicana Field,"1,874,962","23,148"
2009,TEX,Texas Rangers,Rangers Ballpark in Arlington,"2,156,016","26,617"
2009,TOR,Toronto Blue Jays,Rogers Centre,"1,876,129","23,162"
2009,WAS,Washington Nationals,Nationals Park,"1,817,226","22,435"
2008,ARI,Arizona Diamondbacks,Chase Field,"2,509,924","30,987"
2008,ATL,Atlanta Braves,Turner Field,"2,532,834","31,270"
2008,BAL,Baltimore Orioles,Oriole Park at Camden Yards,"1,950,075","24,376"
2008,BOS,Boston Red Sox,Fenway Park,"3,048,250","37,633"
2008,CHC,Chicago Cubs,Wrigley Field,"3,300,200","40,743"
2008,CWS,Chicago White Sox,U.S. Cellular Field,"2,500,648","30,496"
2008,CIN,Cincinnati Reds,Great American Ball Park,"2,058,632","25,415"
2008,CLE,Cleveland Indians,Progressive Field,"2,169,760","26,787"
2008,COL,Colorado Rockies,Coors Field,"2,650,218","32,719"
2008,DET,Detroit Tigers,Comerica Park,"3,202,645","39,539"
2008,MIA,Florida Marlins,Dolphin Stadium,"1,335,076","16,482"
2008,HOU,Houston Astros,"Miller Park, Minute Maid Park","2,779,487","34,744"
2008,KC,Kansas City Royals,Kauffman Stadium,"1,578,922","19,493"
2008,LAA,Los Angeles Angels of Anaheim,Angel Stadium of Anaheim,"3,336,747","41,194"
2008,LAD,Los Angeles Dodgers,Dodger Stadium,"3,730,553","46,056"
2008,MIL,Milwaukee Brewers,Miller Park,"3,068,458","37,882"
2008,MIN,Minnesota Twins,Hubert H. Humphrey Metrodome,"2,302,431","28,425"
2008,NYM,New York Mets,Shea Stadium,"4,042,045","49,902"
2008,NYY,New York Yankees,Yankee Stadium II,"4,298,655","53,070"
2008,ATH,Oakland Athletics,"McAfee Coliseum, Tokyo Dome","1,665,256","20,559"
2008,PHI,Philadelphia Phillies,Citizens Bank Park,"3,422,583","42,254"
2008,PIT,Pittsburgh Pirates,PNC Park,"1,609,076","19,865"
2008,SD,San Diego Padres,Petco Park,"2,427,535","29,970"
2008,SF,San Francisco Giants,AT&T Park,"2,863,837","35,356"
2008,SEA,Seattle Mariners,Safeco Field,"2,329,702","28,762"
2008,STL,St. Louis Cardinals,Busch Stadium III,"3,432,917","42,382"
2008,TB,Tampa Bay Rays,"Ballpark at Disney's Wide World of Sports, Tropicana Field","1,811,986","22,370"
2008,TEX,Texas Rangers,Rangers Ballpark in Arlington,"1,945,677","24,021"
2008,TOR,Toronto Blue Jays,Rogers Centre,"2,399,786","29,627"
2008,WAS,Washington Nationals,Nationals Park,"2,320,400",2
2007,ARI,Arizona Diamondbacks,Chase Field,"2,325,249","28,707"
2007,ATL,Atlanta Braves,Turner Field,"2,745,207","33,891"
2007,BAL,Baltimore Orioles,Oriole Park at Camden Yards,"2,164,822","26,726"
2007,BOS,Boston Red Sox,Fenway Park,"2,970,755","36,676"
2007,CHC,Chicago Cubs,Wrigley Field,"3,252,462","40,154"
2007,CWS,Chicago White Sox,U.S. Cellular Field,"2,684,395","33,141"
2007,CIN,Cincinnati Reds,Great American Ball Park,"2,058,593","25,415"
2007,CLE,Cleveland Indians,"Jacobs Field, Miller Park","2,275,912","28,449"
2007,COL,Colorado Rockies,Coors Field,"2,376,250","28,979"
2007,DET,Detroit Tigers,Comerica Park,"3,047,133","37,619"
2007,MIA,Florida Marlins,Dolphin Stadium,"1,370,511","16,920"
2007,HOU,Houston Astros,Minute Maid Park,"3,020,405","37,289"
2007,KC,Kansas City Royals,Kauffman Stadium,"1,616,867","19,961"
2007,LAA,Los Angeles Angels of Anaheim,Angel Stadium of Anaheim,"3,365,632","41,551"
2007,LAD,Los Angeles Dodgers,Dodger Stadium,"3,857,036","47,618"
2007,MIL,Milwaukee Brewers,Miller Park,"2,869,144","35,422"
2007,MIN,Minnesota Twins,Hubert H. Humphrey Metrodome,"2,296,383","28,350"
2007,NYM,New York Mets,Shea Stadium,"3,853,955","47,580"
2007,NYY,New York Yankees,Yankee Stadium II,"4,271,083","52,729"
2007,ATH,Oakland Athletics,McAfee Coliseum,"1,921,844","23,726"
2007,PHI,Philadelphia Phillies,Citizens Bank Park,"3,108,325","38,374"
2007,PIT,Pittsburgh Pirates,PNC Park,"1,749,142","21,594"
2007,SD,San Diego Padres,Petco Park,"2,790,074","34,445"
2007,SF,San Francisco Giants,AT&T Park,"3,223,215","39,793"
2007,SEA,Seattle Mariners,Safeco Field,"2,672,223","32,588"
2007,STL,St. Louis Cardinals,Busch Stadium III,"3,552,180","43,854"
2007,TB,Tampa Bay Devil Rays,"Ballpark at Disney's Wide World of Sports, Tropicana Field","1,387,603","17,131"
2007,TEX,Texas Rangers,Ameriquest Field,"2,353,862","29,060"
2007,TOR,Toronto Blue Jays,Rogers Centre,"2,360,644","29,144"
2007,WAS,Washington Nationals,Robert F. Kennedy Stadium,"1,943,812","23,998"
2006,ARI,Arizona Diamondbacks,Chase Field,"2,091,685","25,823"
2006,ATL,Atlanta Braves,Turner Field,"2,550,524","31,488"
2006,BAL,Baltimore Orioles,Oriole Park at Camden Yards,"2,153,139","26,582"
2006,BOS,Boston Red Sox,Fenway Park,"2,930,588","36,180"
2006,CHC,Chicago Cubs,Wrigley Field,"3,123,215","38,558"
2006,CWS,Chicago White Sox,U.S. Cellular Field,"2,957,414","36,511"
2006,CIN,Cincinnati Reds,Great American Ball Park,"2,134,607","26,353"
2006,CLE,Cleveland Indians,Jacobs Field,"1,997,995","24,667"
2006,COL,Colorado Rockies,Coors Field,"2,104,362","25,980"
2006,DET,Detroit Tigers,Comerica Park,"2,595,937","32,049"
2006,MIA,Florida Marlins,Dolphins Stadium,"1,164,134","14,372"
2006,HOU,Houston Astros,Minute Maid Park,"3,022,763","37,318"
2006,KC,Kansas City Royals,Kauffman Stadium,"1,372,638","16,946"
2006,LAA,Los Angeles Angels of Anaheim,Angel Stadium of Anaheim,"3,406,790","42,059"
2006,LAD,Los Angeles Dodgers,Dodger Stadium,"3,758,545","46,402"
2006,MIL,Milwaukee Brewers,Miller Park,"2,335,643","28,835"
2006,MIN,Minnesota Twins,Hubert H. Humphrey Metrodome,"2,285,018","28,210"
2006,NYM,New York Mets,Shea Stadium,"3,379,535","41,723"
2006,NYY,New York Yankees,Yankee Stadium II,"4,248,067","52,445"
2006,ATH,Oakland Athletics,McAfee Coliseum,"1,976,625","24,403"
2006,PHI,Philadelphia Phillies,Citizens Bank Park,"2,701,815","33,356"
2006,PIT,Pittsburgh Pirates,PNC Park,"1,861,549","22,982"
2006,SD,San Diego Padres,Petco Park,"2,659,757","32,837"
2006,SF,San Francisco Giants,AT&T Park,"3,130,313","38,646"
2006,SEA,Seattle Mariners,Safeco Field,"2,481,165","30,632"
2006,STL,St. Louis Cardinals,Busch Stadium III,"3,407,104","42,589"
2006,TB,Tampa Bay Devil Rays,Tropicana Field,"1,368,950","16,901"
2006,TEX,Texas Rangers,Ameriquest Field,"2,388,757","29,491"
2006,TOR,Toronto Blue Jays,Rogers Centre,"2,302,212","28,422"
2006,WAS,Washington Nationals,Robert F. Kennedy Stadium,"2,153,056","26,581"
2005,ARI,Arizona Diamondbacks,Bank One Ballpark,"2,059,424","25,425"
2005,ATL,Atlanta Braves,Turner Field,"2,521,167","31,126"
2005,BAL,Baltimore Orioles,Oriole Park at Camden Yards,"2,624,740","32,404"
2005,BOS,Boston Red Sox,Fenway Park,"2,847,888","35,159"
2005,CHC,Chicago Cubs,Wrigley Field,"3,099,992","38,272"
2005,CWS,Chicago White Sox,U.S. Cellular Field,"2,342,833","28,924"
2005,CIN,Cincinnati Reds,Great American Ball Park,"1,943,067","23,696"
2005,CLE,Cleveland Indians,Jacobs Field,"2,013,763","24,861"
2005,COL,Colorado Rockies,Coors Field,"1,914,389","23,634"
2005,DET,Detroit Tigers,Comerica Park,"2,024,431","24,993"
2005,MIA,Florida Marlins,Dolphins Stadium,"1,852,608","22,872"
2005,HOU,Houston Astros,Minute Maid Park,"2,804,760","34,627"
2005,KC,Kansas City Royals,Kauffman Stadium,"1,371,181","16,928"
2005,LAA,Los Angeles Angels of Anaheim,Angel Stadium of Anaheim,"3,404,686","42,033"
2005,LAD,Los Angeles Dodgers,Dodger Stadium,"3,603,646","44,489"
2005,MIL,Milwaukee Brewers,Miller Park,"2,211,023","27,297"
2005,MIN,Minnesota Twins,Hubert H. Humphrey Metrodome,"2,034,243","25,114"
2005,NYM,New York Mets,Shea Stadium,"2,829,929","34,937"
2005,NYY,New York Yankees,Yankee Stadium II,"4,090,696","50,502"
2005,ATH,Oakland Athletics,McAfee Coliseum,"2,109,118","26,038"
2005,PHI,Philadelphia Phillies,Citizens Bank Park,"2,665,304","32,905"
2005,PIT,Pittsburgh Pirates,PNC Park,"1,817,245","22,435"
2005,SD,San Diego Padres,Petco Park,"2,869,787","35,429"
2005,SF,San Francisco Giants,SBC Park,"3,181,023","39,272"
2005,SEA,Seattle Mariners,Safeco Field,"2,725,459","33,648"
2005,STL,St. Louis Cardinals,Busch Stadium II,"3,538,988","43,691"
2005,TB,Tampa Bay Devil Rays,Tropicana Field,"1,141,669","14,095"
2005,TEX,Texas Rangers,Ameriquest Field,"2,525,221","31,176"
2005,TOR,Toronto Blue Jays,Rogers Centre,"2,014,995","24,876"
2005,WAS,Washington Nationals,Robert F. Kennedy Stadium,"2,731,993","33,728"
2004,LAA,Anaheim Angels,Angel Stadium of Anaheim,"3,375,677","41,675"
2004,ARI,Arizona Diamondbacks,Bank One Ballpark,"2,519,560","31,106"
2004,ATL,Atlanta Braves,Turner Field,"2,327,565","28,735"
2004,BAL,Baltimore Orioles,Oriole Park at Camden Yards,"2,744,018","33,877"
2004,BOS,Boston Red Sox,Fenway Park,"2,837,294","35,028"
2004,CHC,Chicago Cubs,Wrigley Field,"3,170,154","38,660"
2004,CWS,Chicago White Sox,U.S. Cellular Field,"1,930,537","23,834"
2004,CIN,Cincinnati Reds,Great American Ball Park,"2,287,250","28,238"
2004,CLE,Cleveland Indians,Jacobs Field,"1,814,401","22,400"
2004,COL,Colorado Rockies,Coors Field,"2,338,069","28,865"
2004,DET,Detroit Tigers,Comerica Park,"1,917,004","23,667"
2004,MIA,Florida Marlins,"Pro Player Stadium, U.S. Cellular Field","1,723,105","21,539"
2004,HOU,Houston Astros,Minute Maid Park,"3,087,872","38,122"
2004,KC,Kansas City Royals,Kauffman Stadium,"1,661,478","20,768"
2004,LAD,Los Angeles Dodgers,Dodger Stadium,"3,488,283","43,065"
2004,MIL,Milwaukee Brewers,Miller Park,"2,062,382","25,462"
2004,MIN,Minnesota Twins,Hubert H. Humphrey Metrodome,"1,911,490","23,599"
2004,WAS,Montreal Expos,"Estadio Hiram Bithorn, Stade Olympique","749,550","9,369"
2004,NYM,New York Mets,Shea Stadium,"2,318,951","28,629"
2004,NYY,New York Yankees,Yankee Stadium II,"3,775,292","46,609"
2004,ATH,Oakland Athletics,Network Associates Coliseum,"2,201,516","27,179"
2004,PHI,Philadelphia Phillies,Citizens Bank Park,"3,250,092","40,125"
2004,PIT,Pittsburgh Pirates,PNC Park,"1,580,031","19,750"
2004,SD,San Diego Padres,Petco Park,"3,016,752","37,244"
2004,SF,San Francisco Giants,SBC Park,"3,256,854","39,718"
2004,SEA,Seattle Mariners,Safeco Field,"2,940,731","35,863"
2004,STL,St. Louis Cardinals,Busch Stadium II,"3,048,427","37,635"
2004,TB,Tampa Bay Devil Rays,"Tokyo Dome, Tropicana Field","1,274,911","15,936"
2004,TEX,Texas Rangers,The Ballpark in Arlington,"2,513,685","31,033"
2004,TOR,Toronto Blue Jays,SkyDome,"1,900,041","23,457"
2003,LAA,Anaheim Angels,Edison Field,"3,061,094","37,330"
2003,ARI,Arizona Diamondbacks,Bank One Ballpark,"2,805,542","34,636"
2003,ATL,Atlanta Braves,Turner Field,"2,401,084","29,643"
2003,BAL,Baltimore Orioles,Oriole Park at Camden Yards,"2,454,523","30,303"
2003,BOS,Boston Red Sox,Fenway Park,"2,724,165","33,632"
2003,CHC,Chicago Cubs,Wrigley Field,"2,962,630","36,576"
2003,CWS,Chicago White Sox,U.S. Cellular Field,"1,939,524","23,945"
2003,CIN,Cincinnati Reds,Great American Ball Park,"2,355,259","29,077"
2003,CLE,Cleveland Indians,Jacobs Field,"1,730,002","21,358"
2003,COL,Colorado Rockies,Coors Field,"2,334,085","28,816"
2003,DET,Detroit Tigers,Comerica Park,"1,368,245","16,892"
2003,MIA,Florida Marlins,Pro Player Stadium,"1,303,215","16,089"
2003,HOU,Houston Astros,Minute Maid Park,"2,454,241","30,299"
2003,KC,Kansas City Royals,Kauffman Stadium,"1,779,895","22,249"
2003,LAD,Los Angeles Dodgers,Dodger Stadium,"3,138,626","38,748"
2003,MIL,Milwaukee Brewers,Miller Park,"1,700,354","20,992"
2003,MIN,Minnesota Twins,Hubert H. Humphrey Metrodome,"1,946,011","24,025"
2003,WAS,Montreal Expos,"Estadio Hiram Bithorn, Stade Olympique","1,025,639","12,662"
2003,NYM,New York Mets,Shea Stadium,"2,140,599","26,757"
2003,NYY,New York Yankees,Yankee Stadium II,"3,465,600","42,263"
2003,ATH,Oakland Athletics,Network Associates Coliseum,"2,216,596","27,365"
2003,PHI,Philadelphia Phillies,Veterans Stadium,"2,259,948","27,901"
2003,PIT,Pittsburgh Pirates,PNC Park,"1,636,751","20,207"
2003,SD,San Diego Padres,Qualcomm Stadium,"2,030,084","25,063"
2003,SF,San Francisco Giants,Pacific Bell Park,"3,264,898","40,307"
2003,SEA,Seattle Mariners,Safeco Field,"3,268,509","40,352"
2003,STL,St. Louis Cardinals,Busch Stadium II,"2,910,386","35,931"
2003,TB,Tampa Bay Devil Rays,Tropicana Field,"1,058,695","13,070"
2003,TEX,Texas Rangers,The Ballpark in Arlington,"2,094,394","25,857"
2003,TOR,Toronto Blue Jays,SkyDome,"1,799,458","22,216"
2002,LAA,Anaheim Angels,Edison Field,"2,305,547","28,464"
2002,ARI,Arizona Diamondbacks,Bank One Ballpark,"3,198,977","39,494"
2002,ATL,Atlanta Braves,Turner Field,"2,603,484","32,142"
2002,BAL,Baltimore Orioles,Oriole Park at Camden Yards,"2,682,439","33,117"
2002,BOS,Boston Red Sox,Fenway Park,"2,650,862","32,727"
2002,CHC,Chicago Cubs,Wrigley Field,"2,693,096","33,248"
2002,CWS,Chicago White Sox,Comiskey Park II,"1,676,911","20,703"
2002,CIN,Cincinnati Reds,Cinergy Field,"1,855,787","22,911"
2002,CLE,Cleveland Indians,Jacobs Field,"2,616,940","32,308"
2002,COL,Colorado Rockies,Coors Field,"2,737,838","33,800"
2002,DET,Detroit Tigers,Comerica Park,"1,503,623","18,795"
2002,MIA,Florida Marlins,Pro Player Stadium,"813,118","10,038"
2002,HOU,Houston Astros,Minute Maid Park,"2,517,357","31,078"
2002,KC,Kansas City Royals,Kauffman Stadium,"1,323,036","16,334"
2002,LAD,Los Angeles Dodgers,Dodger Stadium,"3,131,255","38,657"
2002,MIL,Milwaukee Brewers,Miller Park,"1,969,153","24,311"
2002,MIN,Minnesota Twins,Hubert H. Humphrey Metrodome,"1,924,473","23,759"
2002,WAS,Montreal Expos,Stade Olympique,"812,045","10,025"
2002,NYM,New York Mets,Shea Stadium,"2,804,838","34,628"
2002,NYY,New York Yankees,Yankee Stadium II,"3,465,807","43,323"
2002,ATH,Oakland Athletics,Network Associates Coliseum,"2,169,811","26,788"
2002,PHI,Philadelphia Phillies,Veterans Stadium,"1,618,467","20,231"
2002,PIT,Pittsburgh Pirates,PNC Park,"1,784,988","22,312"
2002,SD,San Diego Padres,Qualcomm Stadium,"2,220,601","27,415"
2002,SF,San Francisco Giants,Pacific Bell Park,"3,253,203","40,163"
2002,SEA,Seattle Mariners,Safeco Field,"3,542,938","43,740"
2002,STL,St. Louis Cardinals,Busch Stadium II,"3,011,756","37,182"
2002,TB,Tampa Bay Devil Rays,Tropicana Field,"1,065,742","13,157"
2002,TEX,Texas Rangers,The Ballpark in Arlington,"2,352,397","29,042"
2002,TOR,Toronto Blue Jays,SkyDome,"1,637,900","20,221"
2001,LAA,Anaheim Angels,Edison Field,"2,000,919","24,703"
2001,ARI,Arizona Diamondbacks,Bank One Ballpark,"2,736,451","33,783"
2001,ATL,Atlanta Braves,Turner Field,"2,823,530","34,858"
2001,BAL,Baltimore Orioles,Oriole Park at Camden Yards,"3,094,841","38,686"
2001,BOS,Boston Red Sox,Fenway Park,"2,625,333","32,412"
2001,CHC,Chicago Cubs,Wrigley Field,"2,779,465","34,314"
2001,CWS,Chicago White Sox,Comiskey Park II,"1,766,172","21,805"
2001,CIN,Cincinnati Reds,Cinergy Field,"1,879,757","23,207"
2001,CLE,Cleveland Indians,Jacobs Field,"3,175,523","39,694"
2001,COL,Colorado Rockies,Coors Field,"3,166,821","39,097"
2001,DET,Detroit Tigers,Comerica Park,"1,921,305","23,720"
2001,MIA,Florida Marlins,Pro Player Stadium,"1,261,226","15,765"
2001,HOU,Houston Astros,Enron Field,"2,904,277","35,855"
2001,KC,Kansas City Royals,Kauffman Stadium,"1,536,371","18,968"
2001,LAD,Los Angeles Dodgers,Dodger Stadium,"3,017,143","37,249"
2001,MIL,Milwaukee Brewers,Miller Park,"2,811,041","34,704"
2001,MIN,Minnesota Twins,Hubert H. Humphrey Metrodome,"1,782,929","22,011"
2001,WAS,Montreal Expos,Stade Olympique,"642,745","7,935"
2001,NYM,New York Mets,Shea Stadium,"2,658,330","32,819"
2001,NYY,New York Yankees,Yankee Stadium II,"3,264,907","40,811"
2001,ATH,Oakland Athletics,Network Associates Coliseum,"2,133,277","26,337"
2001,PHI,Philadelphia Phillies,Veterans Stadium,"1,782,054","22,001"
2001,PIT,Pittsburgh Pirates,PNC Park,"2,464,870","30,430"
2001,SD,San Diego Padres,Qualcomm Stadium,"2,378,128","29,360"
2001,SF,San Francisco Giants,Pacific Bell Park,"3,311,958","40,888"
2001,SEA,Seattle Mariners,Safeco Field,"3,507,326","43,300"
2001,STL,St. Louis Cardinals,Busch Stadium II,"3,109,578","37,922"
2001,TB,Tampa Bay Devil Rays,Tropicana Field,"1,298,365","16,029"
2001,TEX,Texas Rangers,The Ballpark in Arlington,"2,831,021","34,525"
2001,TOR,Toronto Blue Jays,"Estadio Hiram Bithorn, SkyDome","1,915,438","23,359"
2000,LAA,Anaheim Angels,Edison Field,"2,066,982","25,518"
2000,ARI,Arizona Diamondbacks,Bank One Ballpark,"2,942,251","36,324"
2000,ATL,Atlanta Braves,Turner Field,"3,234,304","39,930"
2000,BAL,Baltimore Orioles,Oriole Park at Camden Yards,"3,297,031","40,704"
2000,BOS,Boston Red Sox,Fenway Park,"2,585,895","31,925"
2000,CHC,Chicago Cubs,"Tokyo Dome, Wrigley Field","2,789,511","34,438"
2000,CWS,Chicago White Sox,Comiskey Park II,"1,947,799","24,047"
2000,CIN,Cincinnati Reds,Cinergy Field,"2,577,371","31,431"
2000,CLE,Cleveland Indians,Jacobs Field,"3,456,278","42,670"
2000,COL,Colorado Rockies,Coors Field,"3,295,129","40,681"
2000,DET,Detroit Tigers,Comerica Park,"2,438,617","30,106"
2000,MIA,Florida Marlins,Pro Player Stadium,"1,218,326","15,041"
2000,HOU,Houston Astros,Enron Field,"3,056,139","37,730"
2000,KC,Kansas City Royals,Kauffman Stadium,"1,564,847","19,319"
2000,LAD,Los Angeles Dodgers,Dodger Stadium,"2,880,242","35,559"
2000,MIL,Milwaukee Brewers,County Stadium,"1,573,621","19,427"
2000,MIN,Minnesota Twins,Hubert H. Humphrey Metrodome,"1,000,760","12,355"
2000,WAS,Montreal Expos,Stade Olympique,"926,272","11,435"
2000,NYM,New York Mets,"Shea Stadium, Tokyo Dome","2,820,530","34,821"
2000,NYY,New York Yankees,Yankee Stadium II,"3,055,435","38,193"
2000,ATH,Oakland Athletics,Network Associates Coliseum,"1,603,744","19,799"
2000,PHI,Philadelphia Phillies,Veterans Stadium,"1,612,769","19,911"
2000,PIT,Pittsburgh Pirates,Three Rivers Stadium,"1,748,908","21,591"
2000,SD,San Diego Padres,Qualcomm Stadium,"2,352,443","29,043"
2000,SF,San Francisco Giants,Pacific Bell Park,"3,318,800","40,973"
2000,SEA,Seattle Mariners,Safeco Field,"2,914,624","35,983"
2000,STL,St. Louis Cardinals,Busch Stadium II,"3,336,493","41,191"
2000,TB,Tampa Bay Devil Rays,Tropicana Field,"1,449,673","18,121"
2000,TEX,Texas Rangers,The Ballpark in Arlington,"2,588,401","31,956"
2000,TOR,Toronto Blue Jays,SkyDome,"1,705,712","21,058"